titulo,autores,anio,edicion,editorial,eje,acceso,archivo,url,isbn,verificado_en,citas_openalex,version_libre,por_que
The Elements of Statistical Learning,"Hastie, Tibshirani y Friedman",2009,2.a,Springer,E4,libre_pdf,2009_Hastie_The_Elements_of_Statistical_Learning.pdf,https://hastie.su.domains/ElemStatLearn/printings/ESLII_print12_toc.pdf.download.html,"9781489905192, 9780387216065",Crossref (doi 10.1007/978-0-387-21606-5) + OpenAlex,24402,,"Referencia canonica del aprendizaje estadistico (boosting, validacion, regularizacion)."
An Introduction to Statistical Learning with Applications in Python,"James, Witten, Hastie, Tibshirani y Taylor",2023,,Springer,E4,libre_pdf,2023_James_An_Introduction_to_Statistical_Learning_with_Applications_in.pdf,https://hastie.su.domains/ISLP/ISLP_website.pdf.download.html,,,,,"Version aplicada del anterior, con codigo en Python."
Computer Age Statistical Inference,Efron y Hastie,2016,,Cambridge University Press,E6,libre_pdf,2016_Efron_Computer_Age_Statistical_Inference.pdf,https://hastie.su.domains/CASI_files/PDF/casi.pdf.download.html,"9781107149892, 9781316576533",Crossref (doi 10.1017/cbo9781316576533) + OpenAlex,922,,"Bootstrap, inferencia tras seleccion de modelos y pruebas multiples."
Pattern Recognition and Machine Learning,Bishop,2006,,Springer,E4,libre_pdf,2006_Bishop_Pattern_Recognition_and_Machine_Learning.pdf,https://www.microsoft.com/en-us/research/uploads/prod/2006/01/Bishop-Pattern-Recognition-and-Machine-Learning-2006.pdf,"9780387310732, 9781493938438",OpenAlex + Open Library,8342,,Fundamentos probabilisticos del aprendizaje automatico.
Probabilistic Machine Learning: An Introduction,Murphy,2022,,MIT Press,E4,libre_pdf,2022_Murphy_Probabilistic_Machine_Learning_An_Introduction.pdf,https://github.com/probml/pml-book/releases/latest/download/book1.pdf,,,,,Tratado moderno y completo; calibracion de probabilidades.
Mathematics for Machine Learning,"Deisenroth, Faisal y Ong",2020,,Cambridge University Press,E4,libre_pdf,2020_Deisenroth_Mathematics_for_Machine_Learning.pdf,https://mml-book.github.io/book/mml-book.pdf,"9781108679930, 9781108470049",Crossref (doi 10.1017/9781108679930) + OpenAlex,571,,"Algebra lineal, probabilidad y optimizacion que exige el resto."
Bayesian Data Analysis,"Gelman, Carlin, Stern, Dunson, Vehtari y Rubin",2013,3.a,CRC Press,E6,libre_pdf,2013_Gelman_Bayesian_Data_Analysis.pdf,http://www.stat.columbia.edu/~gelman/book/BDA3.pdf,9780429258480,Crossref (doi 10.1201/9780429258480),,,Inferencia bayesiana; alternativa al contraste de hipotesis clasico.
Deep Learning,"Goodfellow, Bengio y Courville",2016,,MIT Press,E4,libre_web,,https://www.deeplearningbook.org/,"9780262035613, 9780262337373, 9780262337434",OpenAlex + Open Library,8937,,Referencia de redes neuronales (LSTM y afines usados en la literatura cripto).
Forecasting: Principles and Practice,Hyndman y Athanasopoulos,2021,3.a,OTexts,E2,libre_web,,https://otexts.com/fpp3/,,,,,"Evaluacion de pronosticos fuera de muestra, explicada con rigor y claridad."
Time Series Analysis,Hamilton,1994,,Princeton University Press,E2,comercial,,,9780691218632,Crossref (doi 10.1515/9780691218632) + OpenAlex,7381,,El tratado de referencia de econometria de series temporales.
Analysis of Financial Time Series,Tsay,2010,3.a,Wiley,E1,comercial,,,"9780470414354, 9780470644560",Crossref (doi 10.1002/9780470644560) + OpenAlex,1021,,"GARCH, VaR y modelos de volatilidad aplicados a finanzas."
The Econometrics of Financial Markets,"Campbell, Lo y MacKinlay",1997,,Princeton University Press,E5,comercial,,,9781400830213,Crossref (doi 10.1515/9781400830213) + OpenAlex,5120,,Predecibilidad de rendimientos y eficiencia de mercado.
"GARCH Models: Structure, Statistical Inference and Financial Applications",Francq y Zakoian,2019,2.a,Wiley,E1,comercial,,,"9781119313571, 9781119313472",Crossref (doi 10.1002/9781119313472) + OpenAlex,244,,Teoria estadistica de los GARCH (el GJR-GARCH del prototipo).
Anticipating Correlations: A New Paradigm for Risk Management,Engle,2009,,Princeton University Press,E3,comercial,,,9781400830190,Crossref (doi 10.1515/9781400830190) + OpenAlex,183,,"Correlaciones dinamicas (DCC), del autor del ARCH."
High-Frequency Financial Econometrics,Ait-Sahalia y Jacod,2014,,Princeton University Press,E2,comercial,,,"9780691161433, 9781400850327",Crossref (doi 10.23943/princeton/9780691161433.001.0001) + OpenAlex,209,,Volatilidad realizada con datos intradia (base del HAR-RV).
Econometrics,Hansen,2022,,Princeton University Press,E2,comercial,,,"9780691235899, 9780691236155",Open Library,,,"Econometria moderna de posgrado, con errores robustos y bootstrap."
Resampling Methods for Dependent Data,Lahiri,2003,,Springer,E6,comercial,,,"9781441918482, 9781475738032",Crossref (doi 10.1007/978-1-4757-3803-2) + OpenAlex,1023,,Bootstrap por bloques para series dependientes (usado en el forward test).
"Quantitative Risk Management: Concepts, Techniques and Tools","McNeil, Frey y Embrechts",2015,revisada,Princeton University Press,E1,comercial,,,,OpenAlex,2267,,"Referencia de gestion cuantitativa del riesgo (VaR, colas, copulas)."
Elements of Financial Risk Management,Christoffersen,2012,2.a,Academic Press,E1,comercial,,,"9780080472614, 9780080922430, 9780121742324",Open Library,,,Backtesting del VaR (pruebas de Kupiec y Christoffersen).
Portfolio Optimization: Theory and Application,Palomar,2025,,Cambridge University Press,E3,libre_web,,https://portfoliooptimizationbook.com/,"9781009428095, 9781009428088",Crossref (doi 10.1017/9781009428095) + OpenAlex,13,,"Optimizacion de carteras moderna, incluida la paridad de riesgo y HRP."
Convex Optimization,Boyd y Vandenberghe,2004,,Cambridge University Press,E3,libre_pdf,2004_Boyd_Convex_Optimization.pdf,https://web.stanford.edu/~boyd/cvxbook/bv_cvxbook.pdf,"9780521833783, 9780511804441",Crossref (doi 10.1017/cbo9780511804441) + OpenAlex,37150,,Base matematica de toda optimizacion de carteras.
Risk and Asset Allocation,Meucci,2005,,Springer,E3,comercial,,,"9783540222132, 9783540279044",Crossref (doi 10.1007/978-3-540-27904-4) + OpenAlex,411,,Asignacion de activos con estimacion robusta de riesgo.
Advances in Financial Machine Learning,Lopez de Prado,2018,,Wiley,E6,comercial,,,"9781119482086, 9781119482109, 9781119482116",OpenAlex + Open Library,360,,"Triple barrera, pesos por unicidad, validacion purgada, HRP y Sharpe deflactado; base del prototipo."
Machine Learning for Asset Managers,Lopez de Prado,2020,,Cambridge University Press,E6,comercial,,,"9781108883658, 9781108792899",Crossref (doi 10.1017/9781108883658) + OpenAlex,17,,"Denoising de covarianzas, clustering y control del sobreajuste."
Causal Factor Investing: Can Factor Investing Become Scientific?,Lopez de Prado,2023,,Cambridge University Press,E6,comercial,,,"9781009397315, 9781009702416",Crossref (doi 10.1017/9781009397315) + OpenAlex,26,https://www.cambridge.org/core/services/aop-cambridge-core/content/view/9AFE270D7099B787B8FD4F4CBADE0C6E/9781009397292AR.pdf/causal-factor-investing.pdf,Critica del sobreajuste en finanzas cuantitativas y propuesta causal.
Bitcoin: A Peer-to-Peer Electronic Cash System,Nakamoto,2008,,bitcoin.org,E7,libre_pdf,2008_Nakamoto_Bitcoin_A_Peer_to_Peer_Electronic_Cash_System.pdf,https://bitcoin.org/bitcoin.pdf,,Crossref (doi 10.2139/ssrn.3440802) + OpenAlex,14312,,El documento fundacional de Bitcoin.
Bitcoin and Cryptocurrency Technologies: A Comprehensive Introduction,"Narayanan, Bonneau, Felten, Miller y Goldfeder",2016,,Princeton University Press,E7,libre_pdf,2016_Narayanan_Bitcoin_and_Cryptocurrency_Technologies_A_Comprehensive_Intr.pdf,https://d28rh4a8wq0iu5.cloudfront.net/bitcointech/readings/princeton_bitcoin_book.pdf,,,,,El manual universitario de referencia sobre criptomonedas (Princeton).
Mastering Bitcoin,Antonopoulos y Harding,2023,3.a,O'Reilly (licencia CC BY-SA),E7,libre_web,,https://github.com/bitcoinbook/bitcoinbook,"9781081849115, 9781097228003, 9781097424108",OpenAlex + Open Library,868,,Funcionamiento tecnico de Bitcoin; texto abierto.
Mastering Ethereum,Antonopoulos y Wood,2018,,O'Reilly (licencia CC BY-SA),E7,libre_web,,https://github.com/ethereumbook/ethereumbook,"9781098168421, 9781491971949, 9781777493813",Open Library,,,Contratos inteligentes y la base tecnica de DeFi; texto abierto.
Ethereum: A Secure Decentralised Generalised Transaction Ledger (Yellow Paper),Wood,2014,,ethereum.github.io,E7,libre_pdf,2014_Wood_Ethereum_A_Secure_Decentralised_Generalised_Transaction_Ledg.pdf,https://ethereum.github.io/yellowpaper/paper.pdf,,,,,Especificacion formal de Ethereum.
DeFi and the Future of Finance,"Harvey, Ramachandran y Santoro",2021,,Wiley,E7,comercial,,,"9781119836018, 9781119836025, 9781119836032",Crossref (doi 10.2139/ssrn.3711777) + OpenAlex + Open Library,330,,Finanzas descentralizadas explicadas por un referente de las finanzas empiricas.
"Metodologia de la investigacion: las rutas cuantitativa, cualitativa y mixta",Hernandez-Sampieri y Mendoza,2018,,McGraw-Hill,metodologia,comercial,,,,,,,Referencia estandar de metodologia en las universidades peruanas.
